"session_id","event","variant","condition","button_text","dataset","tab","seconds_from_start","timestamp"
"session_20260419210247_9738","session_started","B","Treatment B","Try Demo Dataset Instantly","NA","User Guide",0.148,"2026-04-19 21:02:48.007364"
"session_20260419210247_9738","tab_viewed","B","Treatment B","Try Demo Dataset Instantly","NA","Data Loading",1.266,"2026-04-19 21:02:49.125623"
"session_20260419210247_9738","demo_cta_impression","B","Treatment B","Try Demo Dataset Instantly","none","Data Loading",1.32,"2026-04-19 21:02:49.179708"
"session_20260419210247_9738","demo_button_clicked","B","Treatment B","Try Demo Dataset Instantly","iris","Data Loading",12.001,"2026-04-19 21:02:59.860556"
"session_20260419210247_9738","demo_dataset_loaded","B","Treatment B","Try Demo Dataset Instantly","iris","Data Loading",12.014,"2026-04-19 21:02:59.873137"
"session_20260419210247_9738","first_action_completed","B","Treatment B","Try Demo Dataset Instantly","iris","Data Loading",12.018,"2026-04-19 21:02:59.877089"
"session_20260419210247_9738","tab_viewed","B","Treatment B","Try Demo Dataset Instantly","iris","Data Cleaning",13.916,"2026-04-19 21:03:01.774976"
"session_20260419210247_9738","tab_viewed","B","Treatment B","Try Demo Dataset Instantly","iris","Feature Engineering",25.991,"2026-04-19 21:03:13.85067"
"session_20260419210247_9738","tab_viewed","B","Treatment B","Try Demo Dataset Instantly","iris","EDA",28.399,"2026-04-19 21:03:16.258748"
"session_20260419210247_9738","tab_viewed","B","Treatment B","Try Demo Dataset Instantly","iris","Interactive EDA",28.743,"2026-04-19 21:03:16.602699"
"session_20260419210247_9738","eda_plot_generated","B","Treatment B","Try Demo Dataset Instantly","iris","Interactive EDA",28.825,"2026-04-19 21:03:16.684405"
"session_20260419210319_6253","session_started","A","Control A","Load Demo Dataset","NA","User Guide",0.132,"2026-04-19 21:03:19.830925"
"session_20260419210319_6253","tab_viewed","A","Control A","Load Demo Dataset","NA","Data Loading",0.185,"2026-04-19 21:03:19.883416"
"session_20260419210319_6253","demo_cta_impression","A","Control A","Load Demo Dataset","none","Data Loading",0.189,"2026-04-19 21:03:19.887825"
"session_20260419210319_6253","first_action_completed","A","Control A","Load Demo Dataset","ab_metrics_2026-04-19.csv","Data Loading",7.984,"2026-04-19 21:03:27.682261"
"session_20260419210319_6253","file_uploaded","A","Control A","Load Demo Dataset","ab_metrics_2026-04-19.csv","Data Loading",7.988,"2026-04-19 21:03:27.686797"
"session_20260419210319_6253","tab_viewed","A","Control A","Load Demo Dataset","ab_metrics_2026-04-19.csv","Feature Engineering",10.797,"2026-04-19 21:03:30.495534"
"session_20260419210319_6253","tab_viewed","A","Control A","Load Demo Dataset","ab_metrics_2026-04-19.csv","EDA",11.423,"2026-04-19 21:03:31.121414"
"session_20260419210333_3969","session_started","A","Control A","Load Demo Dataset","NA","User Guide",0.065,"2026-04-19 21:03:33.233896"
"session_20260419210333_3969","tab_viewed","A","Control A","Load Demo Dataset","NA","Data Loading",1.172,"2026-04-19 21:03:34.340828"
"session_20260419210333_3969","demo_cta_impression","A","Control A","Load Demo Dataset","none","Data Loading",1.177,"2026-04-19 21:03:34.34538"
"session_20260419210333_3969","first_action_completed","A","Control A","Load Demo Dataset","ab_metrics_2026-04-19.csv","Data Loading",4.066,"2026-04-19 21:03:37.234708"
"session_20260419210333_3969","file_uploaded","A","Control A","Load Demo Dataset","ab_metrics_2026-04-19.csv","Data Loading",4.071,"2026-04-19 21:03:37.239445"
"session_20260419210333_3969","tab_viewed","A","Control A","Load Demo Dataset","ab_metrics_2026-04-19.csv","Feature Engineering",6.59,"2026-04-19 21:03:39.758291"
"session_20260419210342_9848","session_started","B","Treatment B","Try Demo Dataset Instantly","NA","User Guide",0.058,"2026-04-19 21:03:42.214668"
"session_20260419210342_9848","tab_viewed","B","Treatment B","Try Demo Dataset Instantly","NA","Data Loading",0.953,"2026-04-19 21:03:43.109551"
"session_20260419210342_9848","demo_cta_impression","B","Treatment B","Try Demo Dataset Instantly","none","Data Loading",0.958,"2026-04-19 21:03:43.114293"
"session_20260419210344_2406","session_started","A","Control A","Load Demo Dataset","NA","User Guide",0.088,"2026-04-19 21:03:45.079803"
"session_20260419210344_2406","tab_viewed","A","Control A","Load Demo Dataset","NA","Data Loading",0.669,"2026-04-19 21:03:45.660162"
"session_20260419210344_2406","demo_cta_impression","A","Control A","Load Demo Dataset","none","Data Loading",0.673,"2026-04-19 21:03:45.664846"
"session_20260419210344_2406","demo_button_clicked","A","Control A","Load Demo Dataset","mtcars","Data Loading",2.32,"2026-04-19 21:03:47.311717"
"session_20260419210344_2406","demo_dataset_loaded","A","Control A","Load Demo Dataset","mtcars","Data Loading",2.336,"2026-04-19 21:03:47.327219"
"session_20260419210344_2406","first_action_completed","A","Control A","Load Demo Dataset","mtcars","Data Loading",2.342,"2026-04-19 21:03:47.333276"
"session_20260419210344_2406","tab_viewed","A","Control A","Load Demo Dataset","mtcars","Feature Engineering",3.554,"2026-04-19 21:03:48.545909"
"session_20260419210350_4988","session_started","B","Treatment B","Try Demo Dataset Instantly","NA","User Guide",0.065,"2026-04-19 21:03:50.436352"
"session_20260419210350_4988","tab_viewed","B","Treatment B","Try Demo Dataset Instantly","NA","Data Loading",1.156,"2026-04-19 21:03:51.527728"
"session_20260419210350_4988","demo_cta_impression","B","Treatment B","Try Demo Dataset Instantly","none","Data Loading",1.161,"2026-04-19 21:03:51.53206"
"session_20260419210350_4988","demo_button_clicked","B","Treatment B","Try Demo Dataset Instantly","iris","Data Loading",2.809,"2026-04-19 21:03:53.180634"
"session_20260419210350_4988","demo_dataset_loaded","B","Treatment B","Try Demo Dataset Instantly","iris","Data Loading",2.819,"2026-04-19 21:03:53.190461"
"session_20260419210350_4988","first_action_completed","B","Treatment B","Try Demo Dataset Instantly","iris","Data Loading",2.823,"2026-04-19 21:03:53.194473"
"session_20260419210350_4988","tab_viewed","B","Treatment B","Try Demo Dataset Instantly","iris","Data Cleaning",4.883,"2026-04-19 21:03:55.254717"
"session_20260419210350_4988","tab_viewed","B","Treatment B","Try Demo Dataset Instantly","iris","Feature Engineering",6.53,"2026-04-19 21:03:56.901317"
"session_20260419210350_4988","tab_viewed","B","Treatment B","Try Demo Dataset Instantly","iris","EDA",8.968,"2026-04-19 21:03:59.339603"
"session_20260419210350_4988","tab_viewed","B","Treatment B","Try Demo Dataset Instantly","iris","Interactive EDA",9.379,"2026-04-19 21:03:59.750458"
"session_20260419210350_4988","eda_plot_generated","B","Treatment B","Try Demo Dataset Instantly","iris","Interactive EDA",9.43,"2026-04-19 21:03:59.801065"
"session_20260419210406_5748","session_started","B","Treatment B","Try Demo Dataset Instantly","NA","User Guide",0.057,"2026-04-19 21:04:06.118387"
"session_20260419210406_5748","tab_viewed","B","Treatment B","Try Demo Dataset Instantly","NA","Data Loading",1.487,"2026-04-19 21:04:07.548298"
"session_20260419210406_5748","demo_cta_impression","B","Treatment B","Try Demo Dataset Instantly","none","Data Loading",1.491,"2026-04-19 21:04:07.552508"
"session_20260419210406_5748","demo_button_clicked","B","Treatment B","Try Demo Dataset Instantly","mtcars","Data Loading",3.4,"2026-04-19 21:04:09.46119"
"session_20260419210406_5748","demo_dataset_loaded","B","Treatment B","Try Demo Dataset Instantly","mtcars","Data Loading",3.409,"2026-04-19 21:04:09.470118"
"session_20260419210406_5748","first_action_completed","B","Treatment B","Try Demo Dataset Instantly","mtcars","Data Loading",3.412,"2026-04-19 21:04:09.473559"
"session_20260419210406_5748","tab_viewed","B","Treatment B","Try Demo Dataset Instantly","mtcars","Data Cleaning",4.209,"2026-04-19 21:04:10.270754"
"session_20260419210406_5748","tab_viewed","B","Treatment B","Try Demo Dataset Instantly","mtcars","Feature Engineering",4.586,"2026-04-19 21:04:10.647704"
"session_20260419210406_5748","tab_viewed","B","Treatment B","Try Demo Dataset Instantly","mtcars","EDA",5.305,"2026-04-19 21:04:11.366306"
"session_20260419210406_5748","tab_viewed","B","Treatment B","Try Demo Dataset Instantly","mtcars","Interactive EDA",5.594,"2026-04-19 21:04:11.655483"
"session_20260419210406_5748","eda_plot_generated","B","Treatment B","Try Demo Dataset Instantly","mtcars","Interactive EDA",5.666,"2026-04-19 21:04:11.726818"
"session_20260419210406_5748","tab_viewed","B","Treatment B","Try Demo Dataset Instantly","mtcars","EDA",7.203,"2026-04-19 21:04:13.264192"
"session_20260419210417_1064","session_started","B","Treatment B","Try Demo Dataset Instantly","NA","User Guide",0.054,"2026-04-19 21:04:17.143822"
"session_20260419210417_1064","tab_viewed","B","Treatment B","Try Demo Dataset Instantly","NA","Data Loading",1.812,"2026-04-19 21:04:18.902089"
"session_20260419210417_1064","demo_cta_impression","B","Treatment B","Try Demo Dataset Instantly","none","Data Loading",1.817,"2026-04-19 21:04:18.906957"
"session_20260419210417_1064","first_action_completed","B","Treatment B","Try Demo Dataset Instantly","ab_event_counts_by_variant.csv","Data Loading",7.012,"2026-04-19 21:04:24.101943"
"session_20260419210417_1064","file_uploaded","B","Treatment B","Try Demo Dataset Instantly","ab_event_counts_by_variant.csv","Data Loading",7.016,"2026-04-19 21:04:24.106159"
"session_20260419210417_1064","tab_viewed","B","Treatment B","Try Demo Dataset Instantly","ab_event_counts_by_variant.csv","Data Cleaning",9.11,"2026-04-19 21:04:26.200417"
"session_20260419210417_1064","tab_viewed","B","Treatment B","Try Demo Dataset Instantly","ab_event_counts_by_variant.csv","Feature Engineering",10.515,"2026-04-19 21:04:27.605327"
"session_20260419210417_1064","tab_viewed","B","Treatment B","Try Demo Dataset Instantly","ab_event_counts_by_variant.csv","EDA",13.923,"2026-04-19 21:04:31.013107"
"session_20260419210417_1064","tab_viewed","B","Treatment B","Try Demo Dataset Instantly","ab_event_counts_by_variant.csv","Interactive EDA",17.005,"2026-04-19 21:04:34.095315"
"session_20260419210417_1064","eda_plot_generated","B","Treatment B","Try Demo Dataset Instantly","ab_event_counts_by_variant.csv","Interactive EDA",17.049,"2026-04-19 21:04:34.139115"
"session_20260419210417_1064","tab_viewed","B","Treatment B","Try Demo Dataset Instantly","ab_event_counts_by_variant.csv","User Guide",24.866,"2026-04-19 21:04:41.956489"
"session_20260419210417_1064","tab_viewed","B","Treatment B","Try Demo Dataset Instantly","ab_event_counts_by_variant.csv","Data Loading",26.629,"2026-04-19 21:04:43.719398"
"session_20260419210510_8017","session_started","A","Control A","Load Demo Dataset","NA","User Guide",0.054,"2026-04-19 21:05:10.228268"
"session_20260419210510_8017","tab_viewed","A","Control A","Load Demo Dataset","NA","Data Loading",0.826,"2026-04-19 21:05:10.999734"
"session_20260419210510_8017","demo_cta_impression","A","Control A","Load Demo Dataset","none","Data Loading",0.83,"2026-04-19 21:05:11.003843"
"session_20260419210510_8017","tab_viewed","A","Control A","Load Demo Dataset","NA","Data Cleaning",1.849,"2026-04-19 21:05:12.023317"
"session_20260419210510_8017","tab_viewed","A","Control A","Load Demo Dataset","NA","Feature Engineering",2.334,"2026-04-19 21:05:12.508234"
"session_20260419210510_8017","tab_viewed","A","Control A","Load Demo Dataset","NA","Interactive EDA",3.816,"2026-04-19 21:05:13.989917"
"session_20260419210515_4926","session_started","B","Treatment B","Try Demo Dataset Instantly","NA","User Guide",0.08,"2026-04-19 21:05:15.735723"
"session_20260419210515_4926","tab_viewed","B","Treatment B","Try Demo Dataset Instantly","NA","Data Loading",13.885,"2026-04-19 21:05:29.541518"
"session_20260419210515_4926","demo_cta_impression","B","Treatment B","Try Demo Dataset Instantly","none","Data Loading",13.89,"2026-04-19 21:05:29.545993"
"session_20260419210515_4926","demo_button_clicked","B","Treatment B","Try Demo Dataset Instantly","iris","Data Loading",15.962,"2026-04-19 21:05:31.618372"
"session_20260419210515_4926","demo_dataset_loaded","B","Treatment B","Try Demo Dataset Instantly","iris","Data Loading",15.978,"2026-04-19 21:05:31.634073"
"session_20260419210515_4926","first_action_completed","B","Treatment B","Try Demo Dataset Instantly","iris","Data Loading",15.981,"2026-04-19 21:05:31.637601"
"session_20260419210515_4926","tab_viewed","B","Treatment B","Try Demo Dataset Instantly","iris","Data Cleaning",16.726,"2026-04-19 21:05:32.381801"
"session_20260419210515_4926","tab_viewed","B","Treatment B","Try Demo Dataset Instantly","iris","Feature Engineering",17.35,"2026-04-19 21:05:33.005797"
"session_20260419210515_4926","feature_engineering_applied","B","Treatment B","Try Demo Dataset Instantly","iris","Feature Engineering",19.074,"2026-04-19 21:05:34.729833"
"session_20260419210515_4926","tab_viewed","B","Treatment B","Try Demo Dataset Instantly","iris","EDA",24.018,"2026-04-19 21:05:39.674449"
"session_20260419210515_4926","tab_viewed","B","Treatment B","Try Demo Dataset Instantly","iris","Interactive EDA",36.555,"2026-04-19 21:05:52.211616"
"session_20260419210515_4926","eda_plot_generated","B","Treatment B","Try Demo Dataset Instantly","iris","Interactive EDA",36.607,"2026-04-19 21:05:52.262704"
"session_20260419210605_8252","session_started","B","Treatment B","Try Demo Dataset Instantly","NA","User Guide",0.054,"2026-04-19 21:06:05.593702"
"session_20260419210605_8252","tab_viewed","B","Treatment B","Try Demo Dataset Instantly","NA","Data Loading",0.763,"2026-04-19 21:06:06.302573"
"session_20260419210605_8252","demo_cta_impression","B","Treatment B","Try Demo Dataset Instantly","none","Data Loading",0.767,"2026-04-19 21:06:06.306803"
"session_20260419210605_8252","demo_button_clicked","B","Treatment B","Try Demo Dataset Instantly","iris","Data Loading",3.858,"2026-04-19 21:06:09.397481"
"session_20260419210605_8252","demo_dataset_loaded","B","Treatment B","Try Demo Dataset Instantly","iris","Data Loading",3.874,"2026-04-19 21:06:09.413097"
"session_20260419210605_8252","first_action_completed","B","Treatment B","Try Demo Dataset Instantly","iris","Data Loading",3.877,"2026-04-19 21:06:09.416421"
"session_20260419210605_8252","tab_viewed","B","Treatment B","Try Demo Dataset Instantly","iris","Data Cleaning",4.667,"2026-04-19 21:06:10.206918"
"session_20260419210605_8252","tab_viewed","B","Treatment B","Try Demo Dataset Instantly","iris","Feature Engineering",4.96,"2026-04-19 21:06:10.499594"
"session_20260419210605_8252","tab_viewed","B","Treatment B","Try Demo Dataset Instantly","iris","Interactive EDA",5.544,"2026-04-19 21:06:11.08365"
"session_20260419210605_8252","eda_plot_generated","B","Treatment B","Try Demo Dataset Instantly","iris","Interactive EDA",5.592,"2026-04-19 21:06:11.131572"
"session_20260419210605_8252","tab_viewed","B","Treatment B","Try Demo Dataset Instantly","iris","Feature Engineering",12.966,"2026-04-19 21:06:18.505403"
"session_20260419210605_8252","tab_viewed","B","Treatment B","Try Demo Dataset Instantly","iris","Data Cleaning",13.635,"2026-04-19 21:06:19.174755"
"session_20260419210605_8252","tab_viewed","B","Treatment B","Try Demo Dataset Instantly","iris","EDA",14.315,"2026-04-19 21:06:19.854309"
"session_20260419210605_8252","tab_viewed","B","Treatment B","Try Demo Dataset Instantly","iris","Data Loading",14.828,"2026-04-19 21:06:20.368014"
"session_20260419210605_8252","tab_viewed","B","Treatment B","Try Demo Dataset Instantly","iris","User Guide",15.486,"2026-04-19 21:06:21.025649"
"session_20260419210605_8252","tab_viewed","B","Treatment B","Try Demo Dataset Instantly","iris","Data Loading",18.715,"2026-04-19 21:06:24.254702"
"session_20260419210626_8108","session_started","B","Treatment B","Try Demo Dataset Instantly","NA","User Guide",0.055,"2026-04-19 21:06:26.222634"
"session_20260419210626_8108","tab_viewed","B","Treatment B","Try Demo Dataset Instantly","NA","Data Loading",1.716,"2026-04-19 21:06:27.882677"
"session_20260419210626_8108","demo_cta_impression","B","Treatment B","Try Demo Dataset Instantly","none","Data Loading",1.72,"2026-04-19 21:06:27.886957"
"session_20260419210626_8108","demo_button_clicked","B","Treatment B","Try Demo Dataset Instantly","mtcars","Data Loading",3.694,"2026-04-19 21:06:29.861397"
"session_20260419210626_8108","demo_dataset_loaded","B","Treatment B","Try Demo Dataset Instantly","mtcars","Data Loading",3.704,"2026-04-19 21:06:29.870889"
"session_20260419210626_8108","first_action_completed","B","Treatment B","Try Demo Dataset Instantly","mtcars","Data Loading",3.708,"2026-04-19 21:06:29.874677"
"session_20260419210626_8108","tab_viewed","B","Treatment B","Try Demo Dataset Instantly","mtcars","Data Cleaning",4.606,"2026-04-19 21:06:30.773672"
"session_20260419210626_8108","tab_viewed","B","Treatment B","Try Demo Dataset Instantly","mtcars","Feature Engineering",7.969,"2026-04-19 21:06:34.135995"
"session_20260419210626_8108","tab_viewed","B","Treatment B","Try Demo Dataset Instantly","mtcars","EDA",12.601,"2026-04-19 21:06:38.768456"
"session_20260419210626_8108","tab_viewed","B","Treatment B","Try Demo Dataset Instantly","mtcars","Interactive EDA",16.606,"2026-04-19 21:06:42.772869"
"session_20260419210626_8108","eda_plot_generated","B","Treatment B","Try Demo Dataset Instantly","mtcars","Interactive EDA",16.671,"2026-04-19 21:06:42.838363"
"session_20260419210655_7256","session_started","B","Treatment B","Try Demo Dataset Instantly","NA","User Guide",0.063,"2026-04-19 21:06:55.090571"
"session_20260419210655_7256","tab_viewed","B","Treatment B","Try Demo Dataset Instantly","NA","Data Loading",0.99,"2026-04-19 21:06:56.018014"
"session_20260419210655_7256","demo_cta_impression","B","Treatment B","Try Demo Dataset Instantly","none","Data Loading",0.995,"2026-04-19 21:06:56.022462"
"session_20260419210655_7256","demo_button_clicked","B","Treatment B","Try Demo Dataset Instantly","mtcars","Data Loading",3.537,"2026-04-19 21:06:58.564718"
"session_20260419210655_7256","demo_dataset_loaded","B","Treatment B","Try Demo Dataset Instantly","mtcars","Data Loading",3.547,"2026-04-19 21:06:58.574796"
"session_20260419210655_7256","first_action_completed","B","Treatment B","Try Demo Dataset Instantly","mtcars","Data Loading",3.551,"2026-04-19 21:06:58.578988"
"session_20260419210655_7256","tab_viewed","B","Treatment B","Try Demo Dataset Instantly","mtcars","Feature Engineering",4.305,"2026-04-19 21:06:59.332585"
"session_20260419210655_7256","tab_viewed","B","Treatment B","Try Demo Dataset Instantly","mtcars","EDA",5.153,"2026-04-19 21:07:00.180272"
"session_20260419210655_7256","tab_viewed","B","Treatment B","Try Demo Dataset Instantly","mtcars","Interactive EDA",5.455,"2026-04-19 21:07:00.482136"
"session_20260419210655_7256","eda_plot_generated","B","Treatment B","Try Demo Dataset Instantly","mtcars","Interactive EDA",5.512,"2026-04-19 21:07:00.539406"
"session_20260419210655_7256","tab_viewed","B","Treatment B","Try Demo Dataset Instantly","mtcars","Data Cleaning",5.896,"2026-04-19 21:07:00.923478"
"session_20260419210702_7977","session_started","A","Control A","Load Demo Dataset","NA","User Guide",0.053,"2026-04-19 21:07:02.26083"
"session_20260419210702_7977","tab_viewed","A","Control A","Load Demo Dataset","NA","Data Loading",0.922,"2026-04-19 21:07:03.129986"
"session_20260419210702_7977","demo_cta_impression","A","Control A","Load Demo Dataset","none","Data Loading",0.927,"2026-04-19 21:07:03.134379"
"session_20260419210702_7977","tab_viewed","A","Control A","Load Demo Dataset","NA","Data Cleaning",4.014,"2026-04-19 21:07:06.221523"
"session_20260419210702_7977","tab_viewed","A","Control A","Load Demo Dataset","NA","Feature Engineering",4.68,"2026-04-19 21:07:06.887939"
"session_20260419210708_2515","session_started","A","Control A","Load Demo Dataset","NA","User Guide",0.055,"2026-04-19 21:07:08.974053"
"session_20260419210708_2515","tab_viewed","A","Control A","Load Demo Dataset","NA","Data Loading",1.618,"2026-04-19 21:07:10.537196"
"session_20260419210708_2515","demo_cta_impression","A","Control A","Load Demo Dataset","none","Data Loading",1.623,"2026-04-19 21:07:10.54151"
"session_20260419210708_2515","first_action_completed","A","Control A","Load Demo Dataset","ab_test_summary_by_variant.csv","Data Loading",5.764,"2026-04-19 21:07:14.682974"
"session_20260419210708_2515","file_uploaded","A","Control A","Load Demo Dataset","ab_test_summary_by_variant.csv","Data Loading",5.769,"2026-04-19 21:07:14.687957"
"session_20260419210708_2515","tab_viewed","A","Control A","Load Demo Dataset","ab_test_summary_by_variant.csv","Data Cleaning",8.328,"2026-04-19 21:07:17.247122"
"session_20260419210708_2515","tab_viewed","A","Control A","Load Demo Dataset","ab_test_summary_by_variant.csv","Feature Engineering",8.655,"2026-04-19 21:07:17.573971"
"session_20260419210719_7213","session_started","B","Treatment B","Try Demo Dataset Instantly","NA","User Guide",0.054,"2026-04-19 21:07:20.039593"
"session_20260419210719_7213","tab_viewed","B","Treatment B","Try Demo Dataset Instantly","NA","Data Loading",1.133,"2026-04-19 21:07:21.119532"
"session_20260419210719_7213","demo_cta_impression","B","Treatment B","Try Demo Dataset Instantly","none","Data Loading",1.14,"2026-04-19 21:07:21.125692"
"session_20260419210719_7213","first_action_completed","B","Treatment B","Try Demo Dataset Instantly","ab_metrics_2026-04-19.csv","Data Loading",6.615,"2026-04-19 21:07:26.601068"
"session_20260419210719_7213","file_uploaded","B","Treatment B","Try Demo Dataset Instantly","ab_metrics_2026-04-19.csv","Data Loading",6.619,"2026-04-19 21:07:26.605436"
"session_20260419210719_7213","demo_button_clicked","B","Treatment B","Try Demo Dataset Instantly","none","Data Loading",7.324,"2026-04-19 21:07:27.310374"
"session_20260419210719_7213","demo_load_failed","B","Treatment B","Try Demo Dataset Instantly","none","Data Loading",7.329,"2026-04-19 21:07:27.315083"
"session_20260419210719_7213","demo_button_clicked","B","Treatment B","Try Demo Dataset Instantly","mtcars","Data Loading",8.659,"2026-04-19 21:07:28.644792"
"session_20260419210719_7213","demo_dataset_loaded","B","Treatment B","Try Demo Dataset Instantly","mtcars","Data Loading",8.669,"2026-04-19 21:07:28.655245"
"session_20260419210719_7213","demo_button_clicked","B","Treatment B","Try Demo Dataset Instantly","iris","Data Loading",12.386,"2026-04-19 21:07:32.372272"
"session_20260419210719_7213","demo_dataset_loaded","B","Treatment B","Try Demo Dataset Instantly","iris","Data Loading",12.397,"2026-04-19 21:07:32.382987"
"session_20260419210719_7213","tab_viewed","B","Treatment B","Try Demo Dataset Instantly","iris","Data Cleaning",13.253,"2026-04-19 21:07:33.23868"
"session_20260419210719_7213","tab_viewed","B","Treatment B","Try Demo Dataset Instantly","iris","Feature Engineering",13.656,"2026-04-19 21:07:33.642153"
"session_20260419210719_7213","tab_viewed","B","Treatment B","Try Demo Dataset Instantly","iris","Data Cleaning",14.849,"2026-04-19 21:07:34.834917"
"session_20260419210719_7213","tab_viewed","B","Treatment B","Try Demo Dataset Instantly","iris","Interactive EDA",15.251,"2026-04-19 21:07:35.237426"
"session_20260419210719_7213","eda_plot_generated","B","Treatment B","Try Demo Dataset Instantly","iris","Interactive EDA",15.315,"2026-04-19 21:07:35.301307"
"session_20260419210736_8621","session_started","A","Control A","Load Demo Dataset","NA","User Guide",0.058,"2026-04-19 21:07:36.886855"
"session_20260419210736_8621","tab_viewed","A","Control A","Load Demo Dataset","NA","Data Loading",1.081,"2026-04-19 21:07:37.909839"
"session_20260419210736_8621","demo_cta_impression","A","Control A","Load Demo Dataset","none","Data Loading",1.085,"2026-04-19 21:07:37.914324"
"session_20260419210736_8621","demo_button_clicked","A","Control A","Load Demo Dataset","iris","Data Loading",3.225,"2026-04-19 21:07:40.054317"
"session_20260419210736_8621","demo_dataset_loaded","A","Control A","Load Demo Dataset","iris","Data Loading",3.235,"2026-04-19 21:07:40.063803"
"session_20260419210736_8621","first_action_completed","A","Control A","Load Demo Dataset","iris","Data Loading",3.238,"2026-04-19 21:07:40.067309"
"session_20260419210736_8621","tab_viewed","A","Control A","Load Demo Dataset","iris","Data Cleaning",4.981,"2026-04-19 21:07:41.810138"
"session_20260419210846_6353","session_started","B","Treatment B","Try Demo Dataset Instantly","NA","User Guide",0.061,"2026-04-19 21:08:46.575829"
"session_20260419210846_6353","tab_viewed","B","Treatment B","Try Demo Dataset Instantly","NA","Data Loading",1.131,"2026-04-19 21:08:47.645686"
"session_20260419210846_6353","demo_cta_impression","B","Treatment B","Try Demo Dataset Instantly","none","Data Loading",1.135,"2026-04-19 21:08:47.65029"
"session_20260419210846_6353","demo_button_clicked","B","Treatment B","Try Demo Dataset Instantly","iris","Data Loading",3.263,"2026-04-19 21:08:49.777799"
"session_20260419210846_6353","demo_dataset_loaded","B","Treatment B","Try Demo Dataset Instantly","iris","Data Loading",3.287,"2026-04-19 21:08:49.802006"
"session_20260419210846_6353","first_action_completed","B","Treatment B","Try Demo Dataset Instantly","iris","Data Loading",3.293,"2026-04-19 21:08:49.807934"
"session_20260419210846_6353","tab_viewed","B","Treatment B","Try Demo Dataset Instantly","iris","Data Cleaning",4.01,"2026-04-19 21:08:50.525206"
"session_20260419210846_6353","tab_viewed","B","Treatment B","Try Demo Dataset Instantly","iris","Feature Engineering",4.348,"2026-04-19 21:08:50.862529"
"session_20260419210846_6353","tab_viewed","B","Treatment B","Try Demo Dataset Instantly","iris","EDA",6.748,"2026-04-19 21:08:53.263462"
"session_20260419210846_6353","tab_viewed","B","Treatment B","Try Demo Dataset Instantly","iris","Interactive EDA",8.891,"2026-04-19 21:08:55.40582"
"session_20260419210846_6353","eda_plot_generated","B","Treatment B","Try Demo Dataset Instantly","iris","Interactive EDA",8.979,"2026-04-19 21:08:55.494141"
"session_20260419210846_6353","tab_viewed","B","Treatment B","Try Demo Dataset Instantly","iris","User Guide",12.328,"2026-04-19 21:08:58.843056"
"session_20260419210900_1025","session_started","B","Treatment B","Try Demo Dataset Instantly","NA","User Guide",0.062,"2026-04-19 21:09:00.687415"
"session_20260419210900_1025","tab_viewed","B","Treatment B","Try Demo Dataset Instantly","NA","Data Loading",1.677,"2026-04-19 21:09:02.30208"
"session_20260419210900_1025","demo_cta_impression","B","Treatment B","Try Demo Dataset Instantly","none","Data Loading",1.681,"2026-04-19 21:09:02.306799"
"session_20260419210900_1025","demo_button_clicked","B","Treatment B","Try Demo Dataset Instantly","mtcars","Data Loading",4.104,"2026-04-19 21:09:04.729778"
"session_20260419210900_1025","demo_dataset_loaded","B","Treatment B","Try Demo Dataset Instantly","mtcars","Data Loading",4.115,"2026-04-19 21:09:04.740413"
"session_20260419210900_1025","first_action_completed","B","Treatment B","Try Demo Dataset Instantly","mtcars","Data Loading",4.119,"2026-04-19 21:09:04.744444"
"session_20260419210900_1025","tab_viewed","B","Treatment B","Try Demo Dataset Instantly","mtcars","Data Cleaning",6.374,"2026-04-19 21:09:06.999253"
"session_20260419210900_1025","tab_viewed","B","Treatment B","Try Demo Dataset Instantly","mtcars","Feature Engineering",6.689,"2026-04-19 21:09:07.314745"
"session_20260419210900_1025","tab_viewed","B","Treatment B","Try Demo Dataset Instantly","mtcars","EDA",7.068,"2026-04-19 21:09:07.693144"
"session_20260419210900_1025","tab_viewed","B","Treatment B","Try Demo Dataset Instantly","mtcars","Interactive EDA",7.453,"2026-04-19 21:09:08.078215"
"session_20260419210900_1025","eda_plot_generated","B","Treatment B","Try Demo Dataset Instantly","mtcars","Interactive EDA",7.557,"2026-04-19 21:09:08.182448"
"session_20260419210909_9235","session_started","A","Control A","Load Demo Dataset","NA","User Guide",0.061,"2026-04-19 21:09:09.64837"
"session_20260419210909_9235","tab_viewed","A","Control A","Load Demo Dataset","NA","Data Loading",0.934,"2026-04-19 21:09:10.521789"
"session_20260419210909_9235","demo_cta_impression","A","Control A","Load Demo Dataset","none","Data Loading",0.939,"2026-04-19 21:09:10.526315"
"session_20260419210909_9235","tab_viewed","A","Control A","Load Demo Dataset","NA","Feature Engineering",3.117,"2026-04-19 21:09:12.704671"
"session_20260419210909_9235","tab_viewed","A","Control A","Load Demo Dataset","NA","Interactive EDA",4.295,"2026-04-19 21:09:13.882664"
"session_20260419210915_8808","session_started","B","Treatment B","Try Demo Dataset Instantly","NA","User Guide",0.077,"2026-04-19 21:09:15.541788"
"session_20260419210915_8808","tab_viewed","B","Treatment B","Try Demo Dataset Instantly","NA","Data Loading",2.06,"2026-04-19 21:09:17.525084"
"session_20260419210915_8808","demo_cta_impression","B","Treatment B","Try Demo Dataset Instantly","none","Data Loading",2.065,"2026-04-19 21:09:17.529891"
"session_20260419210915_8808","first_action_completed","B","Treatment B","Try Demo Dataset Instantly","ab_test_summary_by_variant.csv","Data Loading",5.255,"2026-04-19 21:09:20.720344"
"session_20260419210915_8808","file_uploaded","B","Treatment B","Try Demo Dataset Instantly","ab_test_summary_by_variant.csv","Data Loading",5.26,"2026-04-19 21:09:20.725691"
"session_20260419210915_8808","tab_viewed","B","Treatment B","Try Demo Dataset Instantly","ab_test_summary_by_variant.csv","Data Cleaning",7.482,"2026-04-19 21:09:22.9475"
"session_20260419210915_8808","tab_viewed","B","Treatment B","Try Demo Dataset Instantly","ab_test_summary_by_variant.csv","Feature Engineering",7.798,"2026-04-19 21:09:23.263305"
"session_20260419210915_8808","tab_viewed","B","Treatment B","Try Demo Dataset Instantly","ab_test_summary_by_variant.csv","EDA",8.098,"2026-04-19 21:09:23.56277"
"session_20260419210915_8808","tab_viewed","B","Treatment B","Try Demo Dataset Instantly","ab_test_summary_by_variant.csv","Interactive EDA",8.365,"2026-04-19 21:09:23.829801"
"session_20260419210915_8808","eda_plot_generated","B","Treatment B","Try Demo Dataset Instantly","ab_test_summary_by_variant.csv","Interactive EDA",8.479,"2026-04-19 21:09:23.944162"
"session_20260419210915_8808","tab_viewed","B","Treatment B","Try Demo Dataset Instantly","ab_test_summary_by_variant.csv","User Guide",10.15,"2026-04-19 21:09:25.615194"
"session_20260419210915_8808","tab_viewed","B","Treatment B","Try Demo Dataset Instantly","ab_test_summary_by_variant.csv","Data Loading",10.616,"2026-04-19 21:09:26.081183"
"session_20260419210915_8808","demo_button_clicked","B","Treatment B","Try Demo Dataset Instantly","mtcars","Data Loading",11.558,"2026-04-19 21:09:27.023453"
"session_20260419210915_8808","demo_dataset_loaded","B","Treatment B","Try Demo Dataset Instantly","mtcars","Data Loading",11.573,"2026-04-19 21:09:27.038325"
"session_20260419210929_3694","session_started","A","Control A","Load Demo Dataset","NA","User Guide",0.057,"2026-04-19 21:09:29.196034"
"session_20260419210929_3694","tab_viewed","A","Control A","Load Demo Dataset","NA","Data Loading",1.695,"2026-04-19 21:09:30.834913"
"session_20260419210929_3694","demo_cta_impression","A","Control A","Load Demo Dataset","none","Data Loading",1.702,"2026-04-19 21:09:30.841397"
"session_20260419210929_3694","tab_viewed","A","Control A","Load Demo Dataset","NA","Data Cleaning",2.954,"2026-04-19 21:09:32.093639"
"session_20260419210933_7723","session_started","B","Treatment B","Try Demo Dataset Instantly","NA","User Guide",0.065,"2026-04-19 21:09:33.918465"
"session_20260419210933_7723","tab_viewed","B","Treatment B","Try Demo Dataset Instantly","NA","Data Loading",1.126,"2026-04-19 21:09:34.97937"
"session_20260419210933_7723","demo_cta_impression","B","Treatment B","Try Demo Dataset Instantly","none","Data Loading",1.131,"2026-04-19 21:09:34.984316"
"session_20260419210933_7723","demo_button_clicked","B","Treatment B","Try Demo Dataset Instantly","mtcars","Data Loading",2.753,"2026-04-19 21:09:36.606827"
"session_20260419210933_7723","demo_dataset_loaded","B","Treatment B","Try Demo Dataset Instantly","mtcars","Data Loading",2.763,"2026-04-19 21:09:36.616121"
"session_20260419210933_7723","first_action_completed","B","Treatment B","Try Demo Dataset Instantly","mtcars","Data Loading",2.766,"2026-04-19 21:09:36.619685"
"session_20260419210933_7723","tab_viewed","B","Treatment B","Try Demo Dataset Instantly","mtcars","Data Cleaning",3.772,"2026-04-19 21:09:37.625662"
"session_20260419210933_7723","tab_viewed","B","Treatment B","Try Demo Dataset Instantly","mtcars","Feature Engineering",4.086,"2026-04-19 21:09:37.939788"
"session_20260419210933_7723","tab_viewed","B","Treatment B","Try Demo Dataset Instantly","mtcars","EDA",5.452,"2026-04-19 21:09:39.305156"
"session_20260419210933_7723","tab_viewed","B","Treatment B","Try Demo Dataset Instantly","mtcars","Interactive EDA",5.767,"2026-04-19 21:09:39.620473"
"session_20260419210933_7723","eda_plot_generated","B","Treatment B","Try Demo Dataset Instantly","mtcars","Interactive EDA",5.852,"2026-04-19 21:09:39.705488"
"session_20260419210933_7723","tab_viewed","B","Treatment B","Try Demo Dataset Instantly","mtcars","EDA",7.513,"2026-04-19 21:09:41.366516"
"session_20260419210942_3704","session_started","B","Treatment B","Try Demo Dataset Instantly","NA","User Guide",0.063,"2026-04-19 21:09:43.033637"
"session_20260419210942_3704","tab_viewed","B","Treatment B","Try Demo Dataset Instantly","NA","Data Loading",0.678,"2026-04-19 21:09:43.649232"
"session_20260419210942_3704","demo_cta_impression","B","Treatment B","Try Demo Dataset Instantly","none","Data Loading",0.682,"2026-04-19 21:09:43.653546"
"session_20260419210942_3704","demo_button_clicked","B","Treatment B","Try Demo Dataset Instantly","iris","Data Loading",2.143,"2026-04-19 21:09:45.114345"
"session_20260419210942_3704","demo_dataset_loaded","B","Treatment B","Try Demo Dataset Instantly","iris","Data Loading",2.154,"2026-04-19 21:09:45.125286"
"session_20260419210942_3704","first_action_completed","B","Treatment B","Try Demo Dataset Instantly","iris","Data Loading",2.158,"2026-04-19 21:09:45.129215"
"session_20260419210942_3704","demo_button_clicked","B","Treatment B","Try Demo Dataset Instantly","iris","Data Loading",10.401,"2026-04-19 21:09:53.372298"
"session_20260419210942_3704","demo_dataset_loaded","B","Treatment B","Try Demo Dataset Instantly","iris","Data Loading",10.408,"2026-04-19 21:09:53.379226"
"session_20260419210942_3704","demo_button_clicked","B","Treatment B","Try Demo Dataset Instantly","iris","Data Loading",11.308,"2026-04-19 21:09:54.279341"
"session_20260419210942_3704","demo_dataset_loaded","B","Treatment B","Try Demo Dataset Instantly","iris","Data Loading",11.319,"2026-04-19 21:09:54.290455"
"session_20260419210942_3704","tab_viewed","B","Treatment B","Try Demo Dataset Instantly","iris","Feature Engineering",12.55,"2026-04-19 21:09:55.520846"
"session_20260419210942_3704","tab_viewed","B","Treatment B","Try Demo Dataset Instantly","iris","EDA",13.14,"2026-04-19 21:09:56.111337"
"session_20260419210942_3704","tab_viewed","B","Treatment B","Try Demo Dataset Instantly","iris","Data Loading",14.878,"2026-04-19 21:09:57.848988"
"session_20260419210959_3769","session_started","B","Treatment B","Try Demo Dataset Instantly","NA","User Guide",0.066,"2026-04-19 21:09:59.748002"
"session_20260419210959_3769","tab_viewed","B","Treatment B","Try Demo Dataset Instantly","NA","Data Loading",1.429,"2026-04-19 21:10:01.111646"
"session_20260419210959_3769","demo_cta_impression","B","Treatment B","Try Demo Dataset Instantly","none","Data Loading",1.435,"2026-04-19 21:10:01.117643"
"session_20260419210959_3769","demo_button_clicked","B","Treatment B","Try Demo Dataset Instantly","none","Data Loading",2.836,"2026-04-19 21:10:02.518664"
"session_20260419210959_3769","demo_load_failed","B","Treatment B","Try Demo Dataset Instantly","none","Data Loading",2.841,"2026-04-19 21:10:02.523711"
"session_20260419210959_3769","demo_button_clicked","B","Treatment B","Try Demo Dataset Instantly","mtcars","Data Loading",3.968,"2026-04-19 21:10:03.650301"
"session_20260419210959_3769","demo_dataset_loaded","B","Treatment B","Try Demo Dataset Instantly","mtcars","Data Loading",3.978,"2026-04-19 21:10:03.659798"
"session_20260419210959_3769","first_action_completed","B","Treatment B","Try Demo Dataset Instantly","mtcars","Data Loading",3.981,"2026-04-19 21:10:03.663689"
"session_20260419210959_3769","tab_viewed","B","Treatment B","Try Demo Dataset Instantly","mtcars","Data Cleaning",4.922,"2026-04-19 21:10:04.604171"
"session_20260419210959_3769","tab_viewed","B","Treatment B","Try Demo Dataset Instantly","mtcars","Feature Engineering",5.33,"2026-04-19 21:10:05.011771"
"session_20260419210959_3769","tab_viewed","B","Treatment B","Try Demo Dataset Instantly","mtcars","EDA",6.156,"2026-04-19 21:10:05.838628"
"session_20260419210959_3769","tab_viewed","B","Treatment B","Try Demo Dataset Instantly","mtcars","Interactive EDA",6.441,"2026-04-19 21:10:06.123487"
"session_20260419210959_3769","eda_plot_generated","B","Treatment B","Try Demo Dataset Instantly","mtcars","Interactive EDA",6.52,"2026-04-19 21:10:06.202185"
"session_20260419211009_2758","session_started","A","Control A","Load Demo Dataset","NA","User Guide",0.074,"2026-04-19 21:10:09.846626"
"session_20260419211009_2758","tab_viewed","A","Control A","Load Demo Dataset","NA","Data Loading",0.85,"2026-04-19 21:10:10.622818"
"session_20260419211009_2758","demo_cta_impression","A","Control A","Load Demo Dataset","none","Data Loading",0.855,"2026-04-19 21:10:10.62775"
"session_20260419211009_2758","tab_viewed","A","Control A","Load Demo Dataset","NA","Data Cleaning",1.918,"2026-04-19 21:10:11.691525"
"session_20260419211013_9309","session_started","A","Control A","Load Demo Dataset","NA","User Guide",0.057,"2026-04-19 21:10:13.946979"
"session_20260419211013_9309","tab_viewed","A","Control A","Load Demo Dataset","NA","Data Loading",0.569,"2026-04-19 21:10:14.459325"
"session_20260419211013_9309","demo_cta_impression","A","Control A","Load Demo Dataset","none","Data Loading",0.574,"2026-04-19 21:10:14.464361"
"session_20260419211013_9309","demo_button_clicked","A","Control A","Load Demo Dataset","iris","Data Loading",2.797,"2026-04-19 21:10:16.687414"
"session_20260419211013_9309","demo_dataset_loaded","A","Control A","Load Demo Dataset","iris","Data Loading",2.814,"2026-04-19 21:10:16.704049"
"session_20260419211013_9309","first_action_completed","A","Control A","Load Demo Dataset","iris","Data Loading",2.82,"2026-04-19 21:10:16.709902"
"session_20260419211020_5279","session_started","A","Control A","Load Demo Dataset","NA","User Guide",0.083,"2026-04-19 21:10:20.383982"
"session_20260419211020_5279","tab_viewed","A","Control A","Load Demo Dataset","NA","Data Loading",0.669,"2026-04-19 21:10:20.970289"
"session_20260419211020_5279","demo_cta_impression","A","Control A","Load Demo Dataset","none","Data Loading",0.674,"2026-04-19 21:10:20.975196"
"session_20260419211020_5279","tab_viewed","A","Control A","Load Demo Dataset","NA","Feature Engineering",3.05,"2026-04-19 21:10:23.351284"
"session_20260419211020_5279","tab_viewed","A","Control A","Load Demo Dataset","NA","EDA",4.305,"2026-04-19 21:10:24.606207"
"session_20260419211026_4913","session_started","A","Control A","Load Demo Dataset","NA","User Guide",0.072,"2026-04-19 21:10:26.305315"
"session_20260419211026_4913","tab_viewed","A","Control A","Load Demo Dataset","NA","Data Loading",0.872,"2026-04-19 21:10:27.106068"
"session_20260419211026_4913","demo_cta_impression","A","Control A","Load Demo Dataset","none","Data Loading",0.877,"2026-04-19 21:10:27.110823"
"session_20260419211026_4913","tab_viewed","A","Control A","Load Demo Dataset","NA","Interactive EDA",3.473,"2026-04-19 21:10:29.707"
"session_20260419211031_4080","session_started","B","Treatment B","Try Demo Dataset Instantly","NA","User Guide",0.107,"2026-04-19 21:10:31.548819"
"session_20260419211031_4080","tab_viewed","B","Treatment B","Try Demo Dataset Instantly","NA","Data Loading",0.902,"2026-04-19 21:10:32.343389"
"session_20260419211031_4080","demo_cta_impression","B","Treatment B","Try Demo Dataset Instantly","none","Data Loading",0.907,"2026-04-19 21:10:32.34862"
"session_20260419211031_4080","demo_button_clicked","B","Treatment B","Try Demo Dataset Instantly","mtcars","Data Loading",2.616,"2026-04-19 21:10:34.057596"
"session_20260419211031_4080","demo_dataset_loaded","B","Treatment B","Try Demo Dataset Instantly","mtcars","Data Loading",2.626,"2026-04-19 21:10:34.06718"
"session_20260419211031_4080","first_action_completed","B","Treatment B","Try Demo Dataset Instantly","mtcars","Data Loading",2.63,"2026-04-19 21:10:34.071014"
"session_20260419211031_4080","tab_viewed","B","Treatment B","Try Demo Dataset Instantly","mtcars","Data Cleaning",4.227,"2026-04-19 21:10:35.668849"
"session_20260419211031_4080","tab_viewed","B","Treatment B","Try Demo Dataset Instantly","mtcars","EDA",5.261,"2026-04-19 21:10:36.702221"
"session_20260419211031_4080","tab_viewed","B","Treatment B","Try Demo Dataset Instantly","mtcars","Interactive EDA",5.946,"2026-04-19 21:10:37.387471"
"session_20260419211031_4080","eda_plot_generated","B","Treatment B","Try Demo Dataset Instantly","mtcars","Interactive EDA",6.058,"2026-04-19 21:10:37.499077"
"session_20260419211039_6514","session_started","A","Control A","Load Demo Dataset","NA","User Guide",0.068,"2026-04-19 21:10:39.42924"
"session_20260419211039_6514","tab_viewed","A","Control A","Load Demo Dataset","NA","Data Loading",0.792,"2026-04-19 21:10:40.152958"
"session_20260419211039_6514","demo_cta_impression","A","Control A","Load Demo Dataset","none","Data Loading",0.796,"2026-04-19 21:10:40.15745"
"session_20260419211039_6514","demo_button_clicked","A","Control A","Load Demo Dataset","iris","Data Loading",3.208,"2026-04-19 21:10:42.569275"
"session_20260419211039_6514","demo_dataset_loaded","A","Control A","Load Demo Dataset","iris","Data Loading",3.218,"2026-04-19 21:10:42.579231"
"session_20260419211039_6514","first_action_completed","A","Control A","Load Demo Dataset","iris","Data Loading",3.223,"2026-04-19 21:10:42.58444"
"session_20260419211045_8030","session_started","A","Control A","Load Demo Dataset","NA","User Guide",0.074,"2026-04-19 21:10:45.123289"
"session_20260419211045_8030","tab_viewed","A","Control A","Load Demo Dataset","NA","Data Loading",0.57,"2026-04-19 21:10:45.619595"
"session_20260419211045_8030","demo_cta_impression","A","Control A","Load Demo Dataset","none","Data Loading",0.575,"2026-04-19 21:10:45.624583"
"session_20260419211045_8030","tab_viewed","A","Control A","Load Demo Dataset","NA","EDA",2.147,"2026-04-19 21:10:47.196402"
"session_20260419211049_6289","session_started","A","Control A","Load Demo Dataset","NA","User Guide",0.105,"2026-04-19 21:10:49.891076"
"session_20260419211049_6289","tab_viewed","A","Control A","Load Demo Dataset","NA","Data Loading",0.498,"2026-04-19 21:10:50.284569"
"session_20260419211049_6289","demo_cta_impression","A","Control A","Load Demo Dataset","none","Data Loading",0.503,"2026-04-19 21:10:50.289545"
"session_20260419211049_6289","demo_button_clicked","A","Control A","Load Demo Dataset","iris","Data Loading",2.459,"2026-04-19 21:10:52.245327"
"session_20260419211049_6289","demo_dataset_loaded","A","Control A","Load Demo Dataset","iris","Data Loading",2.469,"2026-04-19 21:10:52.255575"
"session_20260419211049_6289","first_action_completed","A","Control A","Load Demo Dataset","iris","Data Loading",2.473,"2026-04-19 21:10:52.259452"
"session_20260419211049_6289","demo_button_clicked","A","Control A","Load Demo Dataset","iris","Data Loading",2.899,"2026-04-19 21:10:52.685805"
"session_20260419211049_6289","demo_dataset_loaded","A","Control A","Load Demo Dataset","iris","Data Loading",2.906,"2026-04-19 21:10:52.69286"
"session_20260419211049_6289","tab_viewed","A","Control A","Load Demo Dataset","iris","Feature Engineering",4.048,"2026-04-19 21:10:53.834414"
"session_20260419211049_6289","tab_viewed","A","Control A","Load Demo Dataset","iris","Data Loading",7.248,"2026-04-19 21:10:57.034556"
"session_20260419211059_2006","session_started","A","Control A","Load Demo Dataset","NA","User Guide",0.094,"2026-04-19 21:10:59.886739"
"session_20260419211059_2006","tab_viewed","A","Control A","Load Demo Dataset","NA","Data Loading",1.654,"2026-04-19 21:11:01.446975"
"session_20260419211059_2006","demo_cta_impression","A","Control A","Load Demo Dataset","none","Data Loading",1.66,"2026-04-19 21:11:01.452234"
"session_20260419211059_2006","tab_viewed","A","Control A","Load Demo Dataset","NA","Data Cleaning",3.154,"2026-04-19 21:11:02.946753"
"session_20260419211059_2006","tab_viewed","A","Control A","Load Demo Dataset","NA","User Guide",4.963,"2026-04-19 21:11:04.756142"
"session_20260419211059_2006","tab_viewed","A","Control A","Load Demo Dataset","NA","Data Loading",5.41,"2026-04-19 21:11:05.20236"
"session_20260419211108_8078","session_started","B","Treatment B","Try Demo Dataset Instantly","NA","User Guide",0.057,"2026-04-19 21:11:08.515882"
"session_20260419211108_8078","tab_viewed","B","Treatment B","Try Demo Dataset Instantly","NA","Data Loading",0.657,"2026-04-19 21:11:09.115808"
"session_20260419211108_8078","demo_cta_impression","B","Treatment B","Try Demo Dataset Instantly","none","Data Loading",0.661,"2026-04-19 21:11:09.120118"
"session_20260419211108_8078","demo_button_clicked","B","Treatment B","Try Demo Dataset Instantly","none","Data Loading",1.885,"2026-04-19 21:11:10.34382"
"session_20260419211108_8078","demo_load_failed","B","Treatment B","Try Demo Dataset Instantly","none","Data Loading",1.89,"2026-04-19 21:11:10.349126"
"session_20260419211108_8078","demo_button_clicked","B","Treatment B","Try Demo Dataset Instantly","mtcars","Data Loading",3.628,"2026-04-19 21:11:12.086609"
"session_20260419211108_8078","demo_dataset_loaded","B","Treatment B","Try Demo Dataset Instantly","mtcars","Data Loading",3.637,"2026-04-19 21:11:12.095851"
"session_20260419211108_8078","first_action_completed","B","Treatment B","Try Demo Dataset Instantly","mtcars","Data Loading",3.64,"2026-04-19 21:11:12.099323"
"session_20260419211108_8078","tab_viewed","B","Treatment B","Try Demo Dataset Instantly","mtcars","Feature Engineering",4.557,"2026-04-19 21:11:13.015724"
"session_20260419211108_8078","tab_viewed","B","Treatment B","Try Demo Dataset Instantly","mtcars","EDA",4.934,"2026-04-19 21:11:13.392804"
"session_20260419211108_8078","tab_viewed","B","Treatment B","Try Demo Dataset Instantly","mtcars","Interactive EDA",5.208,"2026-04-19 21:11:13.666682"
"session_20260419211108_8078","eda_plot_generated","B","Treatment B","Try Demo Dataset Instantly","mtcars","Interactive EDA",5.266,"2026-04-19 21:11:13.725351"
"session_20260419211108_8078","tab_viewed","B","Treatment B","Try Demo Dataset Instantly","mtcars","Data Cleaning",5.787,"2026-04-19 21:11:14.246038"
"session_20260419211115_4716","session_started","B","Treatment B","Try Demo Dataset Instantly","NA","User Guide",0.053,"2026-04-19 21:11:15.591579"
"session_20260419211115_4716","tab_viewed","B","Treatment B","Try Demo Dataset Instantly","NA","Data Loading",0.892,"2026-04-19 21:11:16.430267"
"session_20260419211115_4716","demo_cta_impression","B","Treatment B","Try Demo Dataset Instantly","none","Data Loading",0.896,"2026-04-19 21:11:16.434695"
"session_20260419211115_4716","demo_button_clicked","B","Treatment B","Try Demo Dataset Instantly","iris","Data Loading",2.569,"2026-04-19 21:11:18.107933"
"session_20260419211115_4716","demo_dataset_loaded","B","Treatment B","Try Demo Dataset Instantly","iris","Data Loading",2.579,"2026-04-19 21:11:18.117142"
"session_20260419211115_4716","first_action_completed","B","Treatment B","Try Demo Dataset Instantly","iris","Data Loading",2.582,"2026-04-19 21:11:18.120517"
"session_20260419211115_4716","tab_viewed","B","Treatment B","Try Demo Dataset Instantly","iris","Data Cleaning",3.934,"2026-04-19 21:11:19.472983"
"session_20260419211115_4716","tab_viewed","B","Treatment B","Try Demo Dataset Instantly","iris","Feature Engineering",4.223,"2026-04-19 21:11:19.761687"
"session_20260419211115_4716","tab_viewed","B","Treatment B","Try Demo Dataset Instantly","iris","EDA",5.409,"2026-04-19 21:11:20.947177"
"session_20260419211115_4716","tab_viewed","B","Treatment B","Try Demo Dataset Instantly","iris","Interactive EDA",5.816,"2026-04-19 21:11:21.354955"
"session_20260419211115_4716","eda_plot_generated","B","Treatment B","Try Demo Dataset Instantly","iris","Interactive EDA",5.871,"2026-04-19 21:11:21.409779"
"session_20260419211123_3408","session_started","B","Treatment B","Try Demo Dataset Instantly","NA","User Guide",0.072,"2026-04-19 21:11:23.12855"
"session_20260419211123_3408","tab_viewed","B","Treatment B","Try Demo Dataset Instantly","NA","Data Loading",0.947,"2026-04-19 21:11:24.003343"
"session_20260419211123_3408","demo_cta_impression","B","Treatment B","Try Demo Dataset Instantly","none","Data Loading",0.953,"2026-04-19 21:11:24.009099"
"session_20260419211123_3408","demo_button_clicked","B","Treatment B","Try Demo Dataset Instantly","iris","Data Loading",3.079,"2026-04-19 21:11:26.135393"
"session_20260419211123_3408","demo_dataset_loaded","B","Treatment B","Try Demo Dataset Instantly","iris","Data Loading",3.088,"2026-04-19 21:11:26.144413"
"session_20260419211123_3408","first_action_completed","B","Treatment B","Try Demo Dataset Instantly","iris","Data Loading",3.092,"2026-04-19 21:11:26.147954"
"session_20260419211123_3408","tab_viewed","B","Treatment B","Try Demo Dataset Instantly","iris","Data Cleaning",3.839,"2026-04-19 21:11:26.89556"
"session_20260419211123_3408","tab_viewed","B","Treatment B","Try Demo Dataset Instantly","iris","Feature Engineering",4.202,"2026-04-19 21:11:27.25828"
"session_20260419211123_3408","tab_viewed","B","Treatment B","Try Demo Dataset Instantly","iris","EDA",4.593,"2026-04-19 21:11:27.649214"
"session_20260419211123_3408","tab_viewed","B","Treatment B","Try Demo Dataset Instantly","iris","Interactive EDA",4.921,"2026-04-19 21:11:27.977152"
"session_20260419211123_3408","eda_plot_generated","B","Treatment B","Try Demo Dataset Instantly","iris","Interactive EDA",4.97,"2026-04-19 21:11:28.025984"
"session_20260419211129_8056","session_started","A","Control A","Load Demo Dataset","NA","User Guide",0.056,"2026-04-19 21:11:29.576049"
"session_20260419211129_8056","tab_viewed","A","Control A","Load Demo Dataset","NA","Data Loading",1.263,"2026-04-19 21:11:30.782467"
"session_20260419211129_8056","demo_cta_impression","A","Control A","Load Demo Dataset","none","Data Loading",1.267,"2026-04-19 21:11:30.78702"
"session_20260419211129_8056","tab_viewed","A","Control A","Load Demo Dataset","NA","Feature Engineering",3.453,"2026-04-19 21:11:32.972256"
"session_20260419211134_2401","session_started","A","Control A","Load Demo Dataset","NA","User Guide",0.065,"2026-04-19 21:11:34.525652"
"session_20260419211134_2401","tab_viewed","A","Control A","Load Demo Dataset","NA","Data Loading",0.647,"2026-04-19 21:11:35.108184"
"session_20260419211134_2401","demo_cta_impression","A","Control A","Load Demo Dataset","none","Data Loading",0.653,"2026-04-19 21:11:35.114215"
"session_20260419211134_2401","tab_viewed","A","Control A","Load Demo Dataset","NA","Interactive EDA",3.635,"2026-04-19 21:11:38.096194"
"session_20260419211140_8113","session_started","B","Treatment B","Try Demo Dataset Instantly","NA","User Guide",0.066,"2026-04-19 21:11:40.190517"
"session_20260419211140_8113","tab_viewed","B","Treatment B","Try Demo Dataset Instantly","NA","Data Loading",0.805,"2026-04-19 21:11:40.929574"
"session_20260419211140_8113","demo_cta_impression","B","Treatment B","Try Demo Dataset Instantly","none","Data Loading",0.809,"2026-04-19 21:11:40.933767"
"session_20260419211140_8113","demo_button_clicked","B","Treatment B","Try Demo Dataset Instantly","iris","Data Loading",2.765,"2026-04-19 21:11:42.88908"
"session_20260419211140_8113","demo_dataset_loaded","B","Treatment B","Try Demo Dataset Instantly","iris","Data Loading",2.774,"2026-04-19 21:11:42.898398"
"session_20260419211140_8113","first_action_completed","B","Treatment B","Try Demo Dataset Instantly","iris","Data Loading",2.786,"2026-04-19 21:11:42.910502"
"session_20260419211140_8113","tab_viewed","B","Treatment B","Try Demo Dataset Instantly","iris","Feature Engineering",3.838,"2026-04-19 21:11:43.96207"
"session_20260419211140_8113","tab_viewed","B","Treatment B","Try Demo Dataset Instantly","iris","Interactive EDA",5.525,"2026-04-19 21:11:45.649165"
"session_20260419211140_8113","eda_plot_generated","B","Treatment B","Try Demo Dataset Instantly","iris","Interactive EDA",5.572,"2026-04-19 21:11:45.696637"
"session_20260419211140_8113","tab_viewed","B","Treatment B","Try Demo Dataset Instantly","iris","EDA",5.991,"2026-04-19 21:11:46.115563"
"session_20260419211140_8113","tab_viewed","B","Treatment B","Try Demo Dataset Instantly","iris","Data Cleaning",6.485,"2026-04-19 21:11:46.609609"
"session_20260419211150_4054","session_started","B","Treatment B","Try Demo Dataset Instantly","NA","User Guide",0.056,"2026-04-19 21:11:50.104425"
"session_20260419211150_4054","tab_viewed","B","Treatment B","Try Demo Dataset Instantly","NA","Data Loading",0.578,"2026-04-19 21:11:50.626723"
"session_20260419211150_4054","demo_cta_impression","B","Treatment B","Try Demo Dataset Instantly","none","Data Loading",0.591,"2026-04-19 21:11:50.640075"
"session_20260419211150_4054","tab_viewed","B","Treatment B","Try Demo Dataset Instantly","NA","Data Cleaning",0.958,"2026-04-19 21:11:51.006187"
"session_20260419211150_4054","tab_viewed","B","Treatment B","Try Demo Dataset Instantly","NA","Feature Engineering",1.308,"2026-04-19 21:11:51.35653"
"session_20260419211150_4054","tab_viewed","B","Treatment B","Try Demo Dataset Instantly","NA","Interactive EDA",2.071,"2026-04-19 21:11:52.119077"
"session_20260419211150_4054","tab_viewed","B","Treatment B","Try Demo Dataset Instantly","NA","EDA",2.427,"2026-04-19 21:11:52.475251"
"session_20260419211150_4054","tab_viewed","B","Treatment B","Try Demo Dataset Instantly","NA","Data Cleaning",4.183,"2026-04-19 21:11:54.231118"
"session_20260419211150_4054","tab_viewed","B","Treatment B","Try Demo Dataset Instantly","NA","Data Loading",6.261,"2026-04-19 21:11:56.309164"
"session_20260419211150_4054","demo_button_clicked","B","Treatment B","Try Demo Dataset Instantly","iris","Data Loading",10.524,"2026-04-19 21:12:00.572589"
"session_20260419211150_4054","demo_dataset_loaded","B","Treatment B","Try Demo Dataset Instantly","iris","Data Loading",10.547,"2026-04-19 21:12:00.595415"
"session_20260419211150_4054","first_action_completed","B","Treatment B","Try Demo Dataset Instantly","iris","Data Loading",10.553,"2026-04-19 21:12:00.601727"
"session_20260419211150_4054","tab_viewed","B","Treatment B","Try Demo Dataset Instantly","iris","Data Cleaning",11.474,"2026-04-19 21:12:01.522444"
"session_20260419211150_4054","tab_viewed","B","Treatment B","Try Demo Dataset Instantly","iris","Feature Engineering",11.863,"2026-04-19 21:12:01.911811"
"session_20260419211150_4054","tab_viewed","B","Treatment B","Try Demo Dataset Instantly","iris","EDA",12.223,"2026-04-19 21:12:02.27181"
"session_20260419211150_4054","tab_viewed","B","Treatment B","Try Demo Dataset Instantly","iris","Interactive EDA",12.562,"2026-04-19 21:12:02.610785"
"session_20260419211150_4054","eda_plot_generated","B","Treatment B","Try Demo Dataset Instantly","iris","Interactive EDA",12.621,"2026-04-19 21:12:02.669061"
"session_20260419211214_5785","session_started","A","Control A","Load Demo Dataset","NA","User Guide",0.071,"2026-04-19 21:12:14.333194"
"session_20260419211214_5785","tab_viewed","A","Control A","Load Demo Dataset","NA","Data Loading",0.567,"2026-04-19 21:12:14.82897"
"session_20260419211214_5785","demo_cta_impression","A","Control A","Load Demo Dataset","none","Data Loading",0.571,"2026-04-19 21:12:14.833467"
"session_20260419211214_5785","tab_viewed","A","Control A","Load Demo Dataset","NA","Feature Engineering",5.911,"2026-04-19 21:12:20.173445"
"session_20260419211214_5785","tab_viewed","A","Control A","Load Demo Dataset","NA","EDA",6.496,"2026-04-19 21:12:20.758182"
"session_20260419211222_1319","session_started","B","Treatment B","Try Demo Dataset Instantly","NA","User Guide",0.066,"2026-04-19 21:12:22.827024"
"session_20260419211222_1319","tab_viewed","B","Treatment B","Try Demo Dataset Instantly","NA","Data Loading",0.908,"2026-04-19 21:12:23.669596"
"session_20260419211222_1319","demo_cta_impression","B","Treatment B","Try Demo Dataset Instantly","none","Data Loading",0.913,"2026-04-19 21:12:23.674369"
"session_20260419211222_1319","demo_button_clicked","B","Treatment B","Try Demo Dataset Instantly","mtcars","Data Loading",4.369,"2026-04-19 21:12:27.130217"
"session_20260419211222_1319","demo_dataset_loaded","B","Treatment B","Try Demo Dataset Instantly","mtcars","Data Loading",4.383,"2026-04-19 21:12:27.144149"
"session_20260419211222_1319","first_action_completed","B","Treatment B","Try Demo Dataset Instantly","mtcars","Data Loading",4.388,"2026-04-19 21:12:27.148698"
"session_20260419211222_1319","tab_viewed","B","Treatment B","Try Demo Dataset Instantly","mtcars","Data Cleaning",5.223,"2026-04-19 21:12:27.984274"
"session_20260419211222_1319","tab_viewed","B","Treatment B","Try Demo Dataset Instantly","mtcars","Feature Engineering",5.745,"2026-04-19 21:12:28.505946"
"session_20260419211222_1319","tab_viewed","B","Treatment B","Try Demo Dataset Instantly","mtcars","EDA",6.21,"2026-04-19 21:12:28.971595"
"session_20260419211222_1319","tab_viewed","B","Treatment B","Try Demo Dataset Instantly","mtcars","Interactive EDA",6.62,"2026-04-19 21:12:29.381236"
"session_20260419211222_1319","eda_plot_generated","B","Treatment B","Try Demo Dataset Instantly","mtcars","Interactive EDA",6.722,"2026-04-19 21:12:29.48285"
"session_20260419211222_1319","tab_viewed","B","Treatment B","Try Demo Dataset Instantly","mtcars","EDA",7.293,"2026-04-19 21:12:30.053866"
"session_20260419211222_1319","tab_viewed","B","Treatment B","Try Demo Dataset Instantly","mtcars","Feature Engineering",9.088,"2026-04-19 21:12:31.849297"
"session_20260419211222_1319","tab_viewed","B","Treatment B","Try Demo Dataset Instantly","mtcars","Data Cleaning",10.497,"2026-04-19 21:12:33.258208"
"session_20260419211222_1319","tab_viewed","B","Treatment B","Try Demo Dataset Instantly","mtcars","Data Loading",12.25,"2026-04-19 21:12:35.011072"
"session_20260419211247_8580","session_started","B","Treatment B","Try Demo Dataset Instantly","NA","User Guide",0.054,"2026-04-19 21:12:47.501572"
"session_20260419211247_8580","tab_viewed","B","Treatment B","Try Demo Dataset Instantly","NA","Data Loading",1.153,"2026-04-19 21:12:48.600482"
"session_20260419211247_8580","demo_cta_impression","B","Treatment B","Try Demo Dataset Instantly","none","Data Loading",1.159,"2026-04-19 21:12:48.606667"
